﻿<?xml version="1.0" encoding="utf-8"?>

<control xmlns:def="Definition" xmlns="http://schemas.sitecore.net/Visual-Studio-Intellisense">
  <PowerShellResultViewerList>
    <FormPage Application="PowerShell/PowerShellListView">
      <CodeBeside Type="Spe.Client.Applications.PowerShellResultViewerList,Spe" />

      <Stylesheet Src="Content Manager.css" DeviceDependant="true" />
      <Stylesheet Src="Ribbon.css" DeviceDependant="true" />
      <Stylesheet Src="/sitecore/shell/themes/standard/default.css" runat="server" />
      <Stylesheet Src="/sitecore modules/PowerShell/Styles/Dialogs.css" runat="server" />
      <Stylesheet Src="/sitecore modules/PowerShell/Styles/ListView.css" runat="server" />

      <Script src="/sitecore modules/PowerShell/Scripts/jquery-1.10.2.min.js"></Script>
      <Script>$ise = jQuery.noConflict();</Script>
      <Script Src="/sitecore modules/PowerShell/Scripts/flexie.min.js"></Script>
      <Script src="/sitecore/shell/Applications/Content Manager/Content Editor.js"></Script>
      <Script src="/sitecore modules/PowerShell/Scripts/SpeShared.js"></Script>
      <Script src="/sitecore modules/PowerShell/Scripts/listview.js"></Script>

      <input type="hidden" id="scActiveRibbonStrip" name="scActiveRibbonStrip" />
      <div class="scFlexColumnContainer scHeight100">
        <Border ID="RibbonPanel" GridPanel.Width="100%" class="scEditorWarningPanelTable" />
        <Border class="scEditorInformation" ID="InfoPanel">
          <GridPanel border="0" Width="100%" cellpadding="0" cellspacing="0" class="scEditorInformationPanelTable" Columns="2">
            <Image ID="InfoIcon" Src="/sitecore/shell/themes/standard/Images/information.png" Width="24" Height="24" Class="scEditorWarningIcon" />
            <Border GridPanel.Width="100%">
              <Border class="scEditorInformationTitle">
                <Literal ID="InfoTitle" />
              </Border>
              <Border class="scEditorInformationHelp">
                <Literal ID="Description" />
              </Border>
            </Border>
          </GridPanel>
        </Border>
        <Border Id="lvProgressOverlay" Visible="false">
          <Border>
            <p>
              <Literal Text="Progress" ID="Progress" GridPanel.NoWrap="true" GridPanel.VAlign="top"
                       GridPanel.Align="left" GridPanel.Style="padding:0px 4px 4px 4px" />
            </p>
          </Border>
        </Border>

        <Scrollbox Class="scScrollbox scFlexContent">
          <PowerShellListView ID="ListViewer" Width="100%" Height="100%" GridPanel.Width="100%" Background="white"
                              Multiselect="true" runat="server">
          </PowerShellListView>
          <Border ID="EmptyPanel" border="0" class="emptyResultsPanel" Visible="false">
            <Image ID="EmptyIcon" Src="/sitecore/shell/themes/standard/Images/error.png" Class="scEditorWarningIcon" Alt="Error icon" />
            <Border class="emptyResultsText" GridPanel.Width="100%" ID="EmptyDataMessage">
              <Literal ID="EmptyDataMessageText" Text="No items available" Visible="false" />
            </Border>
          </Border>
        </Scrollbox>

        <Border ID="StatusBar">
          <Border class="status-bar-panel status-bar-left">
            Results: <Literal ID="ItemCount" Text="" />
          </Border>
          <Border class="status-bar-panel status-bar-left" ID="PageCountContainer">
            Page: <Literal ID="CurrentPage" Text="" /> / <Literal ID="PageCount" Text="" />
          </Border>
          <Border class="status-bar-panel status-bar-text">
            <Literal ID="StatusTip">
            </Literal>
            <Image ID="RefreshHint" src="/~/icon/office/16x16/nav_refresh.png" Alt="Show next usability hint..." Title="Show next usability hint..." />
          </Border>
        </Border>
      </div>
    </FormPage>
  </PowerShellResultViewerList>
</control>