﻿<?xml version="1.0" encoding="utf-8"?>

<control xmlns:def="Definition" xmlns="http://schemas.sitecore.net/Visual-Studio-Intellisense">
  <PowerShellIse>
    <FormPage Application="PowerShell/PowerShellIse">
      <CodeBeside Type="Spe.Client.Applications.PowerShellIse,Spe" />
      
      <Stylesheet runat="server" Src="Content Manager.css" DeviceDependant="true" />
      <Stylesheet runat="server" Src="Ribbon.css" DeviceDependant="true" />
      <Stylesheet runat="server" Src="/sitecore modules/PowerShell/Styles/jquery.ui.all.css" DeviceDependant="true" />
      <Stylesheet runat="server" Src="/sitecore modules/PowerShell/Styles/Dialogs.css" DeviceDependant="true" />
      <Stylesheet runat="server" Src="/sitecore modules/PowerShell/Styles/Console.css" DeviceDependant="true" />
      <Stylesheet runat="server" Src="/sitecore modules/PowerShell/Styles/ise.css" DeviceDependant="true" />

      <Script src="/sitecore modules/PowerShell/Scripts/jquery-1.10.2.min.js"></Script>
      <Script>$ise = jQuery.noConflict();</Script>
      <script type="text/javascript">if (!window.$sc) $sc = jQuery.noConflict();</script>
      <Script src="/sitecore/shell/controls/SitecoreObjects.js"></Script>
      <Script src="/sitecore/shell/controls/SitecoreKeyboard.js"></Script>
      <Script src="/sitecore/shell/controls/SitecoreWindow.js"></Script>
      <Script src="/sitecore/shell/Applications/Content Manager/Content Editor.js"></Script>
      <Script src="/sitecore/shell/controls/TreeviewEx/TreeviewEx.js"></Script>
      <Script src="/sitecore modules/PowerShell/Scripts/jquery-ui.js"></Script>
      <!--for clipboard access-->
      <Script src="/sitecore modules/PowerShell/Scripts/clipboard.min.js"></Script>
      <!--for autocomplete and overlay-->
      <Script src="/sitecore modules/PowerShell/Scripts/SpeShared.js"></Script>
      <Script src="/sitecore modules/PowerShell/Scripts/ace/ace.js"></Script>
      <Script src="/sitecore modules/PowerShell/Scripts/token_tooltip.js"></Script>
      <Script src="/sitecore modules/PowerShell/Scripts/ace/ext-language_tools.js"></Script>      
      <Script src="/sitecore modules/PowerShell/Scripts/ise.js"></Script>

      <input type="hidden" id="scActiveRibbonStrip" name="scActiveRibbonStrip" />
      <Memo ID="SelectionText" Style="display:none;"/>
      <Memo ID="SelectionRange" Style="display:none;"/>
      <Memo ID="Breakpoints" Style="display:none;"/>

      <DataContext ID="DataContext" Root="/sitecore" DataViewName="Master" />
      <GridPanel ID="Wrapper" Width="100%" Height="100%" CellPadding="0" GridPanel.Height="100%" Background="#e9e9e9" class="spe-secured-app">
        <Border ID="RibbonPanel"/>
        <Border ID="InfoPanel" class="scEditorWarning" />
        <Border ID="Warnings" style="display:none">
          <GridPanel ID="ElevationRequiredPanel" border="0" Width="100%" cellpadding="0" cellspacing="0" class="scEditorWarningPanelTable"
                     Columns="2">
            <Border GridPanel.Width="100%" ID="ElevationRequiredBorder" >
              <Border class="scEditorWarningTitle">
                <Literal ID="InfoTitle" Text="Elevated session state is required to run the script." />
              </Border>
              <Border class="scEditorWarningHelp">
                <Literal ID="Description" Text="A security dialog will prompt you for your credentials upon first execution. For more information, refer to " />
                <a href="https://sitecorepowershell.com/session-state-elevation/" class="scEditorWarningOption" target="_blank">
                    <Literal Text="Documentation."/>
                </a>
              </Border>
            </Border>
          </GridPanel>
          <GridPanel ID="ElevatedPanel" border="0" Width="100%" cellpadding="0" cellspacing="0" class="scEditorWarningPanelTable"
                     Columns="2">
            <Border GridPanel.Width="100%">
              <Border class="scEditorWarningHelp">
                <Literal ID="InfoTitle2" Text="You have temporarily enabled script execution. " />
                  <a href="#" class="scEditorWarningOption" onclick="javascript:scForm.postRequest('', '', '', 'DropElevationButtonClick');return false">
                    <Literal Text="Drop elevated session state"/>
                  </a>
                <Literal ID="InfoTitle3" Text=" if you no longer require it. For more information, refer to " />
                <a href="https://sitecorepowershell.com/session-state-elevation/" class="scEditorWarningOption" target="_blank">
                    <Literal Text="Documentation."/>
                </a>
                <Border class="scEditorWarningHelp">
                </Border>
              </Border>
            </Border>
          </GridPanel>          
          <GridPanel ID="ElevationBlockedPanel" border="0" Width="100%" cellpadding="0" cellspacing="0" class="scEditorWarningPanelTable"
                     Columns="2">
            <Border GridPanel.Width="100%" ID="ElevationBlockedBorder" >
              <Border class="scEditorWarningTitle">
                <Literal ID="InfoTitle4" Text="Session privilege elevation is blocked and you cannot run scripts in ISE." />
              </Border>
            </Border>
          </GridPanel>
        </Border>
        <GridPanel ID="Content" Width="100%" Height="100%" CellPadding="4" GridPanel.Height="100%">
          <GridPanel Columns="1" Width="100%" Height="100%" CellPadding="4">
            <GridPanel Columns="1" Height="100%" GridPanel.Height="200px" Width="100%" GridPanel.ID="ScriptPane">
              <GridPanel Width="100%" Columns="1" GridPanel.Width="100%" Height="100%" GridPanel.Height="100%">
                <Memo ID="Editor" Width="100%" Height="100%" Wrap="off" Value="Get-ChildItem *" GridPanel.Height="1px"
                      GridPanel.Width="100%" class="console pre" GridPanel.Style="padding:0px" spellcheck="false" Visible="false" />
                <Border ID="CodeEditor" Width="100%" Height="100%" Wrap="off" GridPanel.Height="100%"
                        GridPanel.Width="100%" />
              </GridPanel>
            </GridPanel>
            <PsHSplitter ID="IDEXsltBottom" GridPanel.Height="2" Target="top" GridPanel.Row.ID="ResultsSplitter"
                         Height="10px" />
            <GridPanel Columns="1" Height="100%" GridPanel.Height="100%" Width="100%" GridPanel.ID="ResultsPane"
                       GridPanel.Row.ID="ResultsRow" GridPanel.Style="padding-bottom:2px">
              <Border ID="Result" Height="100%" GridPanel.Height="100%" Width="100%" class="console pre results"
                      GridPanel.Style="padding:0px">
                <Border Id="ProgressOverlay" Visible="false">
                  <Border>
                    <p>
                      <Literal Text="Progress" ID="Progress" GridPanel.NoWrap="true" GridPanel.VAlign="top"
                               GridPanel.Align="left" GridPanel.Style="padding:0px 4px 4px 4px" />
                    </p>
                  </Border>
                </Border>
                <Border ID="ResultsClose">x</Border>
                <Border ID="ScriptResult" class="console">
                  <pre ID="ScriptResultCode"></pre>
                </Border>
              </Border>
            </GridPanel>
          </GridPanel>
        </GridPanel>
        <Border ID="StatusBar">
          <Border class="status-bar-panel status-bar-right">
            Col: <Literal ID="PosX" Text="" />
          </Border>
          <Border class="status-bar-panel status-bar-right">
            Ln: <Literal ID="PosY" Text="" />
          </Border>
          <Border class="status-bar-panel status-bar-right-icon">
            <Image ID="CopyResultsToClipboard" src="/~/icon/office/16x16/element_copy.png"
                   Alt="Copy results to clipboard" Title="Copy results to clipboard" />
          </Border>
          <Border class="status-bar-panel status-bar-text">
            <Image ID="RefreshHint" src="/~/icon/office/16x16/nav_refresh.png"
                   Alt="Show next usability hint..." Title="Show next usability hint..." />
            <Literal ID="StatusTip">
            </Literal>
          </Border>
        </Border>
      </GridPanel>
      <Border ID="Tip">
      </Border>
      <Border ID="Help">
        This is dialog content.
      </Border>
      <Border id="TipOfTheSession">
        <Border class="ui-state-highlight ui-corner-all">
          <p>
            <Literal class="ui-icon ui-icon-info" style="float: left; margin-right: .3em;"></Literal>
            <p class="tip-title">
              <b> Hey! Did you know that... </b>
            </p>
            <Literal ID="TipText"></Literal>
          </p>
        </Border>
      </Border>
      <Literal ID="ScriptName" Text="Untitled" />
    </FormPage>
  </PowerShellIse>
</control>