﻿<?xml version="1.0" encoding="utf-8"?>

<control xmlns:def="Definition" xmlns="http://schemas.sitecore.net/Visual-Studio-Intellisense">
  <PowerShellReports>
    <FormPage Application="PowerShell/PowerShellReports">
      <CodeBeside Type="Spe.Client.Applications.PowerShellReports,Spe" />
      <Favicon Src="/sitecore/images/favicon.ico" />
      <Stylesheet Src="Content Manager.css" DeviceDependant="true" />
      <Stylesheet Src="Ribbon.css" DeviceDependant="true" />
      <Stylesheet Src="/sitecore/shell/themes/standard/default.css" runat="server" />
      <Stylesheet Src="/sitecore modules/PowerShell/Styles/reports.css" runat="server" />
      <Stylesheet Src="/sitecore modules/PowerShell/Styles/c3.min.css" runat="server" />
      <Script Src="/sitecore modules/PowerShell/Scripts/jquery.min.js" runat="server"/>
      <Script>$spe = jQuery.noConflict();</Script>
      <Script Src="/sitecore modules/PowerShell/Scripts/d3.min.js" runat="server"/>
      <Script Src="/sitecore modules/PowerShell/Scripts/c3.min.js" runat="server"/>
      <Script src="/sitecore modules/PowerShell/Scripts/SpeShared.js"></Script>
      <Script src="/sitecore modules/PowerShell/Scripts/reports.js"></Script>
      
      <header class="sc-applicationHeader">
        <div class="sc-applicationHeader-row1 ">
          <div class="sc-applicationHeader-content">
            <div class="sc-applicationHeader-title">
              <span class="sc-text">PowerShell Reports</span>
            </div>
          </div>
        </div>
      </header>
      <Border>
        <Scrollbox Class="">
          <Border id="chart"></Border>
        </Scrollbox>
      </Border>
    </FormPage>
  </PowerShellReports>
</control>